{
    "pc": {
        "5883814b-8308-4f1f-b5ca-5e378c7c3a4d": {
            "id": "5883814b-8308-4f1f-b5ca-5e378c7c3a4d",
            "size": 5,
            "x": 596.0241027036482,
            "y": 238.47803978540074,
            "angle": 1.5707963267948966,
            "speed": 0,
            "acceleration": 0,
            "maxSpeed": 30
        },
        "563a0816-7bce-40a4-babe-9aa715ab7f7b": {
            "id": "563a0816-7bce-40a4-babe-9aa715ab7f7b",
            "size": 5,
            "x": 701.2610043808999,
            "y": 186.87275701205624,
            "angle": 1.5707963267948966,
            "speed": 0,
            "acceleration": 0,
            "maxSpeed": 30
        }
    }
}