{
    "pc": {
        "Vy0qs12tOigqh2-YAAAB": {
            "id": "Vy0qs12tOigqh2-YAAAB",
            "location": {
                "x": 328.57998882016074,
                "y": 143.09692198678673
            }
        },
        "PnOkprNRtIsz1nzhAAAD": {
            "id": "PnOkprNRtIsz1nzhAAAD",
            "location": {
                "x": 228.4750793206083,
                "y": 329.00103066746385
            }
        },
        "XwDm78cTSwKXsnw5AAAF": {
            "id": "XwDm78cTSwKXsnw5AAAF",
            "location": {
                "x": 381.1676624644247,
                "y": 204.1924357329342
            }
        },
        "xwxiB0tqGlOhN__JAAAH": {
            "id": "xwxiB0tqGlOhN__JAAAH",
            "location": {
                "x": 174.2620789561308,
                "y": 81.58964421792643
            }
        },
        "bQSOtHy1UOqWUWO7AAAJ": {
            "id": "bQSOtHy1UOqWUWO7AAAJ",
            "location": {
                "x": 126.31217547683474,
                "y": 236.15159096300874
            }
        },
        "S-6JdQ9KBkfeVmd5AAAL": {
            "id": "S-6JdQ9KBkfeVmd5AAAL",
            "location": {
                "x": 140.05745022336635,
                "y": 188.26531003948224
            }
        },
        "IwocVSKmvEaTVVN3AAAD": {
            "id": "IwocVSKmvEaTVVN3AAAD",
            "location": {
                "x": 239.04255471970862,
                "y": 0.6854780220419521
            }
        },
        "m4J-4gn4R_VzVb8zAAAH": {
            "id": "m4J-4gn4R_VzVb8zAAAH",
            "location": {
                "x": 104.95880241692008,
                "y": 292.1880697887602
            }
        },
        "4QZZWjeq_0T60UNqAAAJ": {
            "id": "4QZZWjeq_0T60UNqAAAJ",
            "location": {
                "x": 365.2465306716549,
                "y": 347.1119099382555
            }
        },
        "GjCR92u3ubjXdkqmAAAL": {
            "id": "GjCR92u3ubjXdkqmAAAL",
            "location": {
                "x": 4.085598416227132,
                "y": 270.1814860697266
            }
        },
        "751xGnD2xC6mGnAGAAAp": {
            "id": "751xGnD2xC6mGnAGAAAp",
            "location": {
                "x": 187.22333200522908,
                "y": 163.4362322524911
            }
        },
        "TaBf0fl8XVbefDC2AAAr": {
            "id": "TaBf0fl8XVbefDC2AAAr",
            "location": {
                "x": 64.78823770452681,
                "y": 343.1354323880223
            }
        }
    }
}