{
    "pc": {
        "Vy0qs12tOigqh2-YAAAB": {
            "id": "Vy0qs12tOigqh2-YAAAB",
            "location": {
                "x": 328.57998882016074,
                "y": 143.09692198678673
            }
        },
        "PnOkprNRtIsz1nzhAAAD": {
            "id": "PnOkprNRtIsz1nzhAAAD",
            "location": {
                "x": 228.4750793206083,
                "y": 329.00103066746385
            }
        },
        "XwDm78cTSwKXsnw5AAAF": {
            "id": "XwDm78cTSwKXsnw5AAAF",
            "location": {
                "x": 381.1676624644247,
                "y": 204.1924357329342
            }
        },
        "xwxiB0tqGlOhN__JAAAH": {
            "id": "xwxiB0tqGlOhN__JAAAH",
            "location": {
                "x": 174.2620789561308,
                "y": 81.58964421792643
            }
        },
        "bQSOtHy1UOqWUWO7AAAJ": {
            "id": "bQSOtHy1UOqWUWO7AAAJ",
            "location": {
                "x": 126.31217547683474,
                "y": 236.15159096300874
            }
        },
        "S-6JdQ9KBkfeVmd5AAAL": {
            "id": "S-6JdQ9KBkfeVmd5AAAL",
            "location": {
                "x": 140.05745022336635,
                "y": 188.26531003948224
            }
        },
        "IwocVSKmvEaTVVN3AAAD": {
            "id": "IwocVSKmvEaTVVN3AAAD",
            "location": {
                "x": 239.04255471970862,
                "y": 0.6854780220419521
            }
        },
        "m4J-4gn4R_VzVb8zAAAH": {
            "id": "m4J-4gn4R_VzVb8zAAAH",
            "location": {
                "x": 104.95880241692008,
                "y": 292.1880697887602
            }
        },
        "4QZZWjeq_0T60UNqAAAJ": {
            "id": "4QZZWjeq_0T60UNqAAAJ",
            "location": {
                "x": 365.2465306716549,
                "y": 347.1119099382555
            }
        },
        "GjCR92u3ubjXdkqmAAAL": {
            "id": "GjCR92u3ubjXdkqmAAAL",
            "location": {
                "x": 4.085598416227132,
                "y": 270.1814860697266
            }
        },
        "751xGnD2xC6mGnAGAAAp": {
            "id": "751xGnD2xC6mGnAGAAAp",
            "location": {
                "x": 187.22333200522908,
                "y": 163.4362322524911
            }
        },
        "TaBf0fl8XVbefDC2AAAr": {
            "id": "TaBf0fl8XVbefDC2AAAr",
            "location": {
                "x": 64.78823770452681,
                "y": 343.1354323880223
            }
        },
        "UcrxbEAd0rVw15HkAAAF": {
            "id": "UcrxbEAd0rVw15HkAAAF",
            "location": {
                "x": 1.8056080564432975,
                "y": 88.48618044481987
            }
        },
        "NaSRfF3flk3nW_8PAAAH": {
            "id": "NaSRfF3flk3nW_8PAAAH",
            "location": {
                "x": 362.2608122172682,
                "y": 103.6048228326262
            }
        },
        "JttHZ-7U9FzPp4QQAAAF": {
            "id": "JttHZ-7U9FzPp4QQAAAF",
            "location": {
                "x": 175.12629152292146,
                "y": 53.39878098151401
            }
        },
        "Hrq8fPkunygfrANVAAAH": {
            "id": "Hrq8fPkunygfrANVAAAH",
            "location": {
                "x": 154.01426268067917,
                "y": 30.311743143146508
            }
        },
        "LWtGIKB4pWxhbgsyAAAJ": {
            "id": "LWtGIKB4pWxhbgsyAAAJ",
            "location": {
                "x": 241.17243638723238,
                "y": 326.47779825461373
            }
        },
        "xcLQQ_H8ZoszJUaBAAAL": {
            "id": "xcLQQ_H8ZoszJUaBAAAL",
            "location": {
                "x": 231.50843950123948,
                "y": 116.07680592163857
            }
        },
        "AJR-lYOBcxgjM-fzAAAP": {
            "id": "AJR-lYOBcxgjM-fzAAAP",
            "location": {
                "x": 24.550768937630174,
                "y": 12.585758821928383
            }
        },
        "y2n2yDZcSUZdEBn_AAAR": {
            "id": "y2n2yDZcSUZdEBn_AAAR",
            "location": {
                "x": 357.2516277911657,
                "y": 377.1398700711081
            }
        }
    }
}